md5,"scans.Fortinet.result","scans.Ikarus.result","scans.AVG.result","scans.Avast.result","scans.Microsoft.result"
08d18ec1e96165a87ce1b7ff93de2d56,"JS/CoinHive.G!tr","Trojan.JS.CoinHive","JS:CoinMiner-G [Trj]","JS:CoinMiner-G [Trj]","Trojan:HTML/Brocoiner.A!lib"
20dd5e734ea0a07169a40c7d5d2ae5a3,"JS/CoinHive.G!tr","Trojan.JS.CoinHive","JS:CoinMiner-G [Trj]","JS:CoinMiner-G [Trj]","Trojan:HTML/Brocoiner.A!lib"
0fc542d83f5af228b973914085445ef3,"JS/CoinHive.G!tr","Trojan.JS.CoinHive","JS:CoinMiner-G [Trj]","JS:CoinMiner-G [Trj]","Trojan:HTML/Brocoiner.A!lib"
182a39222b9c8ea18c3574f827ec56fe,"JS/CoinHive.G!tr","Trojan.JS.CoinHive","JS:CoinMiner-G [Trj]","JS:CoinMiner-G [Trj]","Trojan:HTML/Brocoiner.A!lib"
2230cca81eaebf107b0fcff923ef0ba3,"JS/CoinHive.G!tr","Trojan.JS.CoinHive","JS:CoinMiner-G [Trj]","JS:CoinMiner-G [Trj]","Trojan:HTML/Brocoiner.A!lib"
23e098660de191ebbda7889a42504c94,"JS/CoinHive.G!tr","Trojan.JS.CoinHive","JS:CoinMiner-G [Trj]","JS:CoinMiner-G [Trj]","Trojan:HTML/Brocoiner.A!lib"
3df85117a0195feb54fe0cfcf212bd6b,"JS/CoinHive.G!tr","Trojan.JS.CoinHive","JS:CoinMiner-G [Trj]","JS:CoinMiner-G [Trj]","Trojan:HTML/Brocoiner.A!lib"
3485c2c9be2a199cf5e54a167fcff733,"JS/CoinHive.G!tr","Trojan.JS.CoinHive","JS:CoinMiner-G [Trj]","JS:CoinMiner-G [Trj]","Trojan:HTML/Brocoiner.A!lib"
4bb429281e1b876327871da4fc3e3a70,"JS/CoinHive.G!tr","Trojan.JS.CoinHive","JS:CoinMiner-G [Trj]","JS:CoinMiner-G [Trj]","Trojan:HTML/Brocoiner.A!lib"
4c78e5608dc31ecb506bb46f3d7db0e3,"JS/CoinHive.G!tr","Trojan.JS.CoinHive","JS:CoinMiner-G [Trj]","JS:CoinMiner-G [Trj]","Trojan:HTML/Brocoiner.A!lib"
4f224952da08da1af01ef38f55ed2f2e,"JS/CoinHive.G!tr","Trojan.JS.CoinHive","JS:CoinMiner-G [Trj]","JS:CoinMiner-G [Trj]","Trojan:HTML/Brocoiner.A!lib"
6f7c2624935877cc8671da0621897454,"JS/CoinHive.G!tr","Trojan.JS.CoinHive","JS:CoinMiner-G [Trj]","JS:CoinMiner-G [Trj]","Trojan:HTML/Brocoiner.A!lib"
738172165a8fa859a6bb0c6697bbabd1,"JS/CoinHive.G!tr","Trojan.JS.CoinHive","JS:CoinMiner-G [Trj]","JS:CoinMiner-G [Trj]","Trojan:HTML/Brocoiner.A!lib"
7a069b635aa787ad7bb422afac19b5b9,"JS/CoinHive.G!tr","Trojan.JS.CoinHive","JS:CoinMiner-G [Trj]","JS:CoinMiner-G [Trj]","Trojan:HTML/Brocoiner.A!lib"
7aedac5f0d298ce875009357c73300d6,"JS/CoinHive.G!tr","Trojan.JS.CoinHive","JS:CoinMiner-G [Trj]","JS:CoinMiner-G [Trj]","Trojan:HTML/Brocoiner.A!lib"
8d8edee539fa57421414f515e7ead836,"JS/CoinHive.G!tr","Trojan.JS.CoinHive","JS:CoinMiner-G [Trj]","JS:CoinMiner-G [Trj]","Trojan:HTML/Brocoiner.A!lib"
8f0180d3d1759829f62183655e363427,"JS/CoinHive.G!tr","Trojan.JS.CoinHive","JS:CoinMiner-G [Trj]","JS:CoinMiner-G [Trj]","Trojan:HTML/Brocoiner.A!lib"
9a442af49165f7b8f6c787d44b22352e,"JS/CoinHive.G!tr","Trojan.JS.CoinHive","JS:CoinMiner-G [Trj]","JS:CoinMiner-G [Trj]","Trojan:HTML/Brocoiner.A!lib"
b47d3b63a391830e5c6052e7e6a663de,"JS/CoinHive.G!tr","Trojan.JS.CoinHive","JS:CoinMiner-G [Trj]","JS:CoinMiner-G [Trj]","Trojan:HTML/Brocoiner.A!lib"
51f07fffa2e8c65e4b5314a59aafc0cb,"JS/CoinHive.G!tr","Trojan.JS.CoinHive","JS:CoinMiner-G [Trj]","JS:CoinMiner-G [Trj]","Trojan:HTML/Brocoiner.A!lib"
6c9116b1eb1e43bb43c2107d5cd9dd5c,"JS/CoinHive.G!tr","Trojan.JS.CoinHive","JS:CoinMiner-G [Trj]","JS:CoinMiner-G [Trj]","Trojan:HTML/Brocoiner.A!lib"
820f4fcaba6b0ab3d0e294bea3b99187,"JS/CoinHive.G!tr","Trojan.JS.CoinHive","JS:CoinMiner-G [Trj]","JS:CoinMiner-G [Trj]","Trojan:HTML/Brocoiner.A!lib"
84b6ef7f963bb7d54538ac81249fbbea,"JS/CoinHive.G!tr","Trojan.JS.CoinHive","JS:CoinMiner-G [Trj]","JS:CoinMiner-G [Trj]","Trojan:HTML/Brocoiner.A!lib"
a1f6429476f375ab82b7359b64ad755a,"JS/CoinHive.G!tr","Trojan.JS.CoinHive","JS:CoinMiner-G [Trj]","JS:CoinMiner-G [Trj]","Trojan:HTML/Brocoiner.A!lib"
ac2760604b92cd40e433f1c62eff2df2,"JS/CoinHive.G!tr","Trojan.JS.CoinHive","JS:CoinMiner-G [Trj]","JS:CoinMiner-G [Trj]","Trojan:HTML/Brocoiner.A!lib"
af28e8ab6507f023f59ca7768c84f054,"JS/CoinHive.G!tr","Trojan.JS.CoinHive","JS:CoinMiner-G [Trj]","JS:CoinMiner-G [Trj]","Trojan:HTML/Brocoiner.A!lib"
c3de87ec1498dcfc6bcf17ff8fb07f82,"JS/CoinHive.G!tr","Trojan.JS.CoinHive","JS:CoinMiner-G [Trj]","JS:CoinMiner-G [Trj]","Trojan:HTML/Brocoiner.A!lib"
ce3f586fcb1226fdd027ad16a1920722,"JS/CoinHive.G!tr","Trojan.JS.CoinHive","JS:CoinMiner-G [Trj]","JS:CoinMiner-G [Trj]","Trojan:HTML/Brocoiner.A!lib"
d8a31aae07fbe400876fdd15723b82cd,"JS/CoinHive.G!tr","Trojan.JS.CoinHive","JS:CoinMiner-G [Trj]","JS:CoinMiner-G [Trj]","Trojan:HTML/Brocoiner.A!lib"
cc9bf53e2dcdc83a130d22eb58ad01c2,"JS/CoinHive.G!tr","Trojan.JS.CoinHive","JS:CoinMiner-G [Trj]","JS:CoinMiner-G [Trj]","Trojan:HTML/Brocoiner.A!lib"
ccbebfde80bf6fef71de024529a29ae0,"JS/CoinHive.G!tr","Trojan.JS.CoinHive","JS:CoinMiner-G [Trj]","JS:CoinMiner-G [Trj]","Trojan:HTML/Brocoiner.A!lib"
f741145bb3aa96fb09bff57f36ad77c6,"JS/CoinHive.G!tr","Trojan.JS.CoinHive","JS:CoinMiner-G [Trj]","JS:CoinMiner-G [Trj]","Trojan:HTML/Brocoiner.A!lib"
0013aab197111fb4efdbeb952aee9b3b,"JS/CoinHive.G!tr","Trojan.JS.CoinHive","JS:CoinMiner-G [Trj]","JS:CoinMiner-G [Trj]","Trojan:HTML/Brocoiner.A!lib"
0134ac36e6680cf11dd585de78517999,"JS/CoinHive.G!tr","Trojan.JS.CoinHive","JS:CoinMiner-G [Trj]","JS:CoinMiner-G [Trj]","Trojan:HTML/Brocoiner.A!lib"
f5ccc455d4dbba7f349d5b4848dcf6be,"JS/CoinHive.G!tr","Trojan.JS.CoinHive","JS:CoinMiner-G [Trj]","JS:CoinMiner-G [Trj]","Trojan:HTML/Brocoiner.A!lib"
06eed3105817ff8c261ffc04e249cd4e,"JS/CoinHive.G!tr","Trojan.JS.CoinHive","JS:CoinMiner-G [Trj]","JS:CoinMiner-G [Trj]","Trojan:HTML/Brocoiner.A!lib"
0d306e695277f82cd88937162ef9536f,"JS/CoinHive.G!tr","Trojan.JS.CoinHive","JS:CoinMiner-G [Trj]","JS:CoinMiner-G [Trj]","Trojan:HTML/Brocoiner.A!lib"
1466f2837fe179c67b04d321bed8af2a,"JS/CoinHive.G!tr","Trojan.JS.CoinHive","JS:CoinMiner-G [Trj]","JS:CoinMiner-G [Trj]","Trojan:HTML/Brocoiner.A!lib"
17ac0d97125c99fb29a9e49a157a5220,"JS/CoinHive.G!tr","Trojan.JS.CoinHive","JS:CoinMiner-G [Trj]","JS:CoinMiner-G [Trj]","Trojan:HTML/Brocoiner.A!lib"
18d36dbff84cfc8082fd071430ee2b92,"JS/CoinHive.G!tr","Trojan.JS.CoinHive","JS:CoinMiner-G [Trj]","JS:CoinMiner-G [Trj]","Trojan:HTML/Brocoiner.A!lib"
2456f8198b72708954be4c3780afcc3b,"JS/CoinHive.G!tr","Trojan.JS.CoinHive","JS:CoinMiner-G [Trj]","JS:CoinMiner-G [Trj]","Trojan:HTML/Brocoiner.A!lib"
2918b66655442c141bd23bcd0f0e98f9,"JS/CoinHive.G!tr","Trojan.JS.CoinHive","JS:CoinMiner-G [Trj]","JS:CoinMiner-G [Trj]","Trojan:HTML/Brocoiner.A!lib"
4541a30ee3c1b004c3f5002d9ea20c8e,"JS/CoinHive.G!tr","Trojan.JS.CoinHive","JS:CoinMiner-G [Trj]","JS:CoinMiner-G [Trj]","Trojan:HTML/Brocoiner.A!lib"
49352d67184b0e140686229305ec6f0e,"JS/CoinHive.G!tr","Trojan.JS.CoinHive","JS:CoinMiner-G [Trj]","JS:CoinMiner-G [Trj]","Trojan:HTML/Brocoiner.A!lib"
49b52ecd8343240a0dba8914a7337a66,"JS/CoinHive.G!tr","Trojan.JS.CoinHive","JS:CoinMiner-G [Trj]","JS:CoinMiner-G [Trj]","Trojan:HTML/Brocoiner.A!lib"
4a548dd64b04a1ece49807bceb169adb,"JS/CoinHive.G!tr","Trojan.JS.CoinHive","JS:CoinMiner-G [Trj]","JS:CoinMiner-G [Trj]","Trojan:HTML/Brocoiner.A!lib"
523beb4144b16e6ea3def0419b204d4e,"JS/CoinHive.G!tr","Trojan.JS.CoinHive","JS:CoinMiner-G [Trj]","JS:CoinMiner-G [Trj]","Trojan:HTML/Brocoiner.A!lib"
52fd31c48c7b089abb37b11be76ad169,"JS/CoinHive.G!tr","Trojan.JS.CoinHive","JS:CoinMiner-G [Trj]","JS:CoinMiner-G [Trj]","Trojan:HTML/Brocoiner.A!lib"
548fff6c9a6a4bbcedb83dd0672b2ffc,"JS/CoinHive.G!tr","Trojan.JS.CoinHive","JS:CoinMiner-G [Trj]","JS:CoinMiner-G [Trj]","Trojan:HTML/Brocoiner.A!lib"
5d50f23ed47a531f932702f3be7c0416,"JS/CoinHive.G!tr","Trojan.JS.CoinHive","JS:CoinMiner-G [Trj]","JS:CoinMiner-G [Trj]","Trojan:HTML/Brocoiner.A!lib"
5e81264ea1f63573a0cf2ac23f7bb635,"JS/CoinHive.G!tr","Trojan.JS.CoinHive","JS:CoinMiner-G [Trj]","JS:CoinMiner-G [Trj]","Trojan:HTML/Brocoiner.A!lib"
61317c21045e2fca8907cdef26cc6be5,"JS/CoinHive.G!tr","Trojan.JS.CoinHive","JS:CoinMiner-G [Trj]","JS:CoinMiner-G [Trj]","Trojan:HTML/Brocoiner.A!lib"
0bc16d23c9856c9e2a8ff280b361c91f,"JS/CoinHive.G!tr","Trojan.JS.CoinHive","JS:CoinMiner-G [Trj]","JS:CoinMiner-G [Trj]","Trojan:HTML/Brocoiner.A!lib"
0bccdd4fdadb328aa33c7855817dc701,"JS/CoinHive.G!tr","Trojan.JS.CoinHive","JS:CoinMiner-G [Trj]","JS:CoinMiner-G [Trj]","Trojan:HTML/Brocoiner.A!lib"
13d4e14869c1af26d1a8dd8bb771c99d,"JS/CoinHive.G!tr","Trojan.JS.CoinHive","JS:CoinMiner-G [Trj]","JS:CoinMiner-G [Trj]","Trojan:HTML/Brocoiner.A!lib"
1da6479b56c3b556e2bb11cce74194eb,"JS/CoinHive.G!tr","Trojan.JS.CoinHive","JS:CoinMiner-G [Trj]","JS:CoinMiner-G [Trj]","Trojan:HTML/Brocoiner.A!lib"
22254d9962124ee6ff51b01010e99eea,"JS/CoinHive.G!tr","Trojan.JS.CoinHive","JS:CoinMiner-G [Trj]","JS:CoinMiner-G [Trj]","Trojan:HTML/Brocoiner.A!lib"
282b55e9e95e7a716e97f887b7e5252e,"JS/CoinHive.G!tr","Trojan.JS.CoinHive","JS:CoinMiner-G [Trj]","JS:CoinMiner-G [Trj]","Trojan:HTML/Brocoiner.A!lib"
3432b616e1552c658e3db9f565cee27c,"JS/CoinHive.G!tr","Trojan.JS.CoinHive","JS:CoinMiner-G [Trj]","JS:CoinMiner-G [Trj]","Trojan:HTML/Brocoiner.A!lib"
391101c6fa39a3c6e5cdd89bf9e5abe6,"JS/CoinHive.G!tr","Trojan.JS.CoinHive","JS:CoinMiner-G [Trj]","JS:CoinMiner-G [Trj]","Trojan:HTML/Brocoiner.A!lib"
3985c2ae45aca59f546e1dc40d42d414,"JS/CoinHive.G!tr","Trojan.JS.CoinHive","JS:CoinMiner-G [Trj]","JS:CoinMiner-G [Trj]","Trojan:HTML/Brocoiner.A!lib"
398c86c3ae87fa597a7271456a9dfbca,"JS/CoinHive.G!tr","Trojan.JS.CoinHive","JS:CoinMiner-G [Trj]","JS:CoinMiner-G [Trj]","Trojan:HTML/Brocoiner.A!lib"
3993d25aba778c31abb37e132f0d98d1,"JS/CoinHive.G!tr","Trojan.JS.CoinHive","JS:CoinMiner-G [Trj]","JS:CoinMiner-G [Trj]","Trojan:HTML/Brocoiner.A!lib"
3a4186474bd7bccfb8838665ba7f7c46,"JS/CoinHive.G!tr","Trojan.JS.CoinHive","JS:CoinMiner-G [Trj]","JS:CoinMiner-G [Trj]","Trojan:HTML/Brocoiner.A!lib"
3e11310e522adf2e6237d68e2f5b9512,"JS/CoinHive.G!tr","Trojan.JS.CoinHive","JS:CoinMiner-G [Trj]","JS:CoinMiner-G [Trj]","Trojan:HTML/Brocoiner.A!lib"
4d8ab397174cd0d7f33e4af995f3d668,"JS/CoinHive.G!tr","Trojan.JS.CoinHive","JS:CoinMiner-G [Trj]","JS:CoinMiner-G [Trj]","Trojan:HTML/Brocoiner.A!lib"
4e6351f877c16a6199e59d4c0665cee6,"JS/CoinHive.G!tr","Trojan.JS.CoinHive","JS:CoinMiner-G [Trj]","JS:CoinMiner-G [Trj]","Trojan:HTML/Brocoiner.A!lib"
52166d9be4cefed4f06c09a45fd90297,"JS/CoinHive.G!tr","Trojan.JS.CoinHive","JS:CoinMiner-G [Trj]","JS:CoinMiner-G [Trj]","Trojan:HTML/Brocoiner.A!lib"
561832b5dff3656bb8a541351cd8edea,"JS/CoinHive.G!tr","Trojan.JS.CoinHive","JS:CoinMiner-G [Trj]","JS:CoinMiner-G [Trj]","Trojan:HTML/Brocoiner.A!lib"
57483e3bb0e9451e5ec3f1ff5e750368,"JS/CoinHive.G!tr","Trojan.JS.CoinHive","JS:CoinMiner-G [Trj]","JS:CoinMiner-G [Trj]","Trojan:HTML/Brocoiner.A!lib"
64ffec2b1c2ad18cfa02702c8ad43e8d,"JS/CoinHive.G!tr","Trojan.JS.CoinHive","JS:CoinMiner-G [Trj]","JS:CoinMiner-G [Trj]","Trojan:HTML/Brocoiner.A!lib"
6ce5e02ee0b203adc5b55f809853431d,"JS/CoinHive.G!tr","Trojan.JS.CoinHive","JS:CoinMiner-G [Trj]","JS:CoinMiner-G [Trj]","Trojan:HTML/Brocoiner.A!lib"
63e58ebb354a653140db1157d1b3c6b9,"JS/CoinHive.G!tr","Trojan.JS.CoinHive","JS:CoinMiner-G [Trj]","JS:CoinMiner-G [Trj]","Trojan:HTML/Brocoiner.A!lib"
81169246dc61d0f073aa056660c1e6a9,"JS/CoinHive.G!tr","Trojan.JS.CoinHive","JS:CoinMiner-G [Trj]","JS:CoinMiner-G [Trj]","Trojan:HTML/Brocoiner.A!lib"
8832fc1a46efa96bd81720017bc1ce18,"JS/CoinHive.G!tr","Trojan.JS.CoinHive","JS:CoinMiner-G [Trj]","JS:CoinMiner-G [Trj]","Trojan:HTML/Brocoiner.A!lib"
90fbc462dc3e38a1246c20f5978ec422,"JS/CoinHive.G!tr","Trojan.JS.CoinHive","JS:CoinMiner-G [Trj]","JS:CoinMiner-G [Trj]","Trojan:HTML/Brocoiner.A!lib"
93a6f397d0c8cb652a507489af8dfa20,"JS/CoinHive.G!tr","Trojan.JS.CoinHive","JS:CoinMiner-G [Trj]","JS:CoinMiner-G [Trj]","Trojan:HTML/Brocoiner.A!lib"
95695148aca0f9509724e0d8800486b5,"JS/CoinHive.G!tr","Trojan.JS.CoinHive","JS:CoinMiner-G [Trj]","JS:CoinMiner-G [Trj]","Trojan:HTML/Brocoiner.A!lib"
991f9f3c98c2a72cbe21cba9baa79697,"JS/CoinHive.G!tr","Trojan.JS.CoinHive","JS:CoinMiner-G [Trj]","JS:CoinMiner-G [Trj]","Trojan:HTML/Brocoiner.A!lib"
a2df6a7467bb7333a4379111b69a0bd3,"JS/CoinHive.G!tr","Trojan.JS.CoinHive","JS:CoinMiner-G [Trj]","JS:CoinMiner-G [Trj]","Trojan:HTML/Brocoiner.A!lib"
a2fee2f774edb0539755b869faa84055,"JS/CoinHive.G!tr","Trojan.JS.CoinHive","JS:CoinMiner-G [Trj]","JS:CoinMiner-G [Trj]","Trojan:HTML/Brocoiner.A!lib"
ab441ef95bb5c7fb07b7879b4d731187,"JS/CoinHive.G!tr","Trojan.JS.CoinHive","JS:CoinMiner-G [Trj]","JS:CoinMiner-G [Trj]","Trojan:HTML/Brocoiner.A!lib"
ae64150d7fa54c1834784e65bd8e1c95,"JS/CoinHive.G!tr","Trojan.JS.CoinHive","JS:CoinMiner-G [Trj]","JS:CoinMiner-G [Trj]","Trojan:HTML/Brocoiner.A!lib"
afe4a711aae9d5a3c0a7b7eb8bc24698,"JS/CoinHive.G!tr","Trojan.JS.CoinHive","JS:CoinMiner-G [Trj]","JS:CoinMiner-G [Trj]","Trojan:HTML/Brocoiner.A!lib"
b03eda9f6cce344588da0a7296f4b862,"JS/CoinHive.G!tr","Trojan.JS.CoinHive","JS:CoinMiner-G [Trj]","JS:CoinMiner-G [Trj]","Trojan:HTML/Brocoiner.A!lib"
b680294e50bb3edf9707183adc8b4d8d,"JS/CoinHive.G!tr","Trojan.JS.CoinHive","JS:CoinMiner-G [Trj]","JS:CoinMiner-G [Trj]","Trojan:HTML/Brocoiner.A!lib"
b8772def13829d9b4d24890826bb9100,"JS/CoinHive.G!tr","Trojan.JS.CoinHive","JS:CoinMiner-G [Trj]","JS:CoinMiner-G [Trj]","Trojan:HTML/Brocoiner.A!lib"
ba33a35c1d77b996978b2f8e31e32592,"JS/CoinHive.G!tr","Trojan.JS.CoinHive","JS:CoinMiner-G [Trj]","JS:CoinMiner-G [Trj]","Trojan:HTML/Brocoiner.A!lib"
6ed08701927e190a8b49b7f9b4b68a4c,"JS/CoinHive.G!tr","Trojan.JS.CoinHive","JS:CoinMiner-G [Trj]","JS:CoinMiner-G [Trj]","Trojan:HTML/Brocoiner.A!lib"
6f7e94e54715e6d822f244a9ef4de728,"JS/CoinHive.G!tr","Trojan.JS.CoinHive","JS:CoinMiner-G [Trj]","JS:CoinMiner-G [Trj]","Trojan:HTML/Brocoiner.A!lib"
6e8e950967588b2766e305205e350851,"JS/CoinHive.G!tr","Trojan.JS.CoinHive","JS:CoinMiner-G [Trj]","JS:CoinMiner-G [Trj]","Trojan:HTML/Brocoiner.A!lib"
7284a5964656392e49ad88dcbce67a43,"JS/CoinHive.G!tr","Trojan.JS.CoinHive","JS:CoinMiner-G [Trj]","JS:CoinMiner-G [Trj]","Trojan:HTML/Brocoiner.A!lib"
839cf7b4e68f40dc47018258c93b271b,"JS/CoinHive.G!tr","Trojan.JS.CoinHive","JS:CoinMiner-G [Trj]","JS:CoinMiner-G [Trj]","Trojan:HTML/Brocoiner.A!lib"
844cb5c5575171f3a9a5a8684acb4ed1,"JS/CoinHive.G!tr","Trojan.JS.CoinHive","JS:CoinMiner-G [Trj]","JS:CoinMiner-G [Trj]","Trojan:HTML/Brocoiner.A!lib"
bbb8ab194cdcec762fbc0a00a5bed9c5,"JS/CoinHive.G!tr","Trojan.JS.CoinHive","JS:CoinMiner-G [Trj]","JS:CoinMiner-G [Trj]","Trojan:HTML/Brocoiner.A!lib"
c34407e69536c03a21c02df1e8ce5cba,"JS/CoinHive.G!tr","Trojan.JS.CoinHive","JS:CoinMiner-G [Trj]","JS:CoinMiner-G [Trj]","Trojan:HTML/Brocoiner.A!lib"
c7f97f0e58fb83cf46ada8064d4a5a71,"JS/CoinHive.G!tr","Trojan.JS.CoinHive","JS:CoinMiner-G [Trj]","JS:CoinMiner-G [Trj]","Trojan:HTML/Brocoiner.A!lib"
c9bb1fcee7bbd77de1562d0b1fa9b794,"JS/CoinHive.G!tr","Trojan.JS.CoinHive","JS:CoinMiner-G [Trj]","JS:CoinMiner-G [Trj]","Trojan:HTML/Brocoiner.A!lib"
ce8b5c73dfdac39c8a5eea3ad27fa8b0,"JS/CoinHive.G!tr","Trojan.JS.CoinHive","JS:CoinMiner-G [Trj]","JS:CoinMiner-G [Trj]","Trojan:HTML/Brocoiner.A!lib"
e1fe881387d50450add8eab3098139e1,"JS/CoinHive.G!tr","Trojan.JS.CoinHive","JS:CoinMiner-G [Trj]","JS:CoinMiner-G [Trj]","Trojan:HTML/Brocoiner.A!lib"
d1cb84f5453ef7a32e8ea69b72a28f47,"JS/CoinHive.G!tr","Trojan.JS.CoinHive","JS:CoinMiner-G [Trj]","JS:CoinMiner-G [Trj]","Trojan:HTML/Brocoiner.A!lib"
d2a7c9f9c1b54ef8e4c4a2a887627af4,"JS/CoinHive.G!tr","Trojan.JS.CoinHive","JS:CoinMiner-G [Trj]","JS:CoinMiner-G [Trj]","Trojan:HTML/Brocoiner.A!lib"
dd93ed369baf65667ede349ceb06e70a,"JS/CoinHive.G!tr","Trojan.JS.CoinHive","JS:CoinMiner-G [Trj]","JS:CoinMiner-G [Trj]","Trojan:HTML/Brocoiner.A!lib"
de654745e7e76c3b35e4f7608cc31461,"JS/CoinHive.G!tr","Trojan.JS.CoinHive","JS:CoinMiner-G [Trj]","JS:CoinMiner-G [Trj]","Trojan:HTML/Brocoiner.A!lib"
e4406c2f0598400a0bdb5c6f7a87d7a6,"JS/CoinHive.G!tr","Trojan.JS.CoinHive","JS:CoinMiner-G [Trj]","JS:CoinMiner-G [Trj]","Trojan:HTML/Brocoiner.A!lib"
e977f67f5eb755fe61f5b73c116b07b8,"JS/CoinHive.G!tr","Trojan.JS.CoinHive","JS:CoinMiner-G [Trj]","JS:CoinMiner-G [Trj]","Trojan:HTML/Brocoiner.A!lib"
eae3eedb31c136e13ebf754a1e334568,"JS/CoinHive.G!tr","Trojan.JS.CoinHive","JS:CoinMiner-G [Trj]","JS:CoinMiner-G [Trj]","Trojan:HTML/Brocoiner.A!lib"
fad32ac781547bc79d90fc3b5db2af8c,"JS/CoinHive.G!tr","Trojan.JS.CoinHive","JS:CoinMiner-G [Trj]","JS:CoinMiner-G [Trj]","Trojan:HTML/Brocoiner.A!lib"
fc36253a107574283567400806a4b997,"JS/CoinHive.G!tr","Trojan.JS.CoinHive","JS:CoinMiner-G [Trj]","JS:CoinMiner-G [Trj]","Trojan:HTML/Brocoiner.A!lib"
fd5a625c42a81c718d780cffef06ef16,"JS/CoinHive.G!tr","Trojan.JS.CoinHive","JS:CoinMiner-G [Trj]","JS:CoinMiner-G [Trj]","Trojan:HTML/Brocoiner.A!lib"
0124ee0d1821bdad1f5e10ef5282dc87,"JS/CoinHive.G!tr","Trojan.JS.CoinHive","JS:CoinMiner-G [Trj]","JS:CoinMiner-G [Trj]","Trojan:HTML/Brocoiner.A!lib"
0c558f7c6539b10d13a0fcd235814066,"JS/CoinHive.G!tr","Trojan.JS.CoinHive","JS:CoinMiner-G [Trj]","JS:CoinMiner-G [Trj]","Trojan:HTML/Brocoiner.A!lib"
0ded9ed0f0ebd4e4564983abc64b5f0c,"JS/CoinHive.G!tr","Trojan.JS.CoinHive","JS:CoinMiner-G [Trj]","JS:CoinMiner-G [Trj]","Trojan:HTML/Brocoiner.A!lib"
1791dc209cda6b3b8407a470b8d98e23,"JS/CoinHive.G!tr","Trojan.JS.CoinHive","JS:CoinMiner-G [Trj]","JS:CoinMiner-G [Trj]","Trojan:HTML/Brocoiner.A!lib"
179268c5e28c0b4e243fd878f22eea1f,"JS/CoinHive.G!tr","Trojan.JS.CoinHive","JS:CoinMiner-G [Trj]","JS:CoinMiner-G [Trj]","Trojan:HTML/Brocoiner.A!lib"
19dc0daaccf6ec0f2716c6b8293267fb,"JS/CoinHive.G!tr","Trojan.JS.CoinHive","JS:CoinMiner-G [Trj]","JS:CoinMiner-G [Trj]","Trojan:HTML/Brocoiner.A!lib"
1ca62e5b8c26f202ae6c673cb364249c,"JS/CoinHive.G!tr","Trojan.JS.CoinHive","JS:CoinMiner-G [Trj]","JS:CoinMiner-G [Trj]","Trojan:HTML/Brocoiner.A!lib"
1e8d87c04e56956a246d69d31df8e1ea,"JS/CoinHive.G!tr","Trojan.JS.CoinHive","JS:CoinMiner-G [Trj]","JS:CoinMiner-G [Trj]","Trojan:HTML/Brocoiner.A!lib"
28f74925de061a12bd9b6e859fe80497,"JS/CoinHive.G!tr","Trojan.JS.CoinHive","JS:CoinMiner-G [Trj]","JS:CoinMiner-G [Trj]","Trojan:HTML/Brocoiner.A!lib"
2911295af4f4d0158a065c94aa826d25,"JS/CoinHive.G!tr","Trojan.JS.CoinHive","JS:CoinMiner-G [Trj]","JS:CoinMiner-G [Trj]","Trojan:HTML/Brocoiner.A!lib"
30f9f7f854c6f19381d81b083b3bdea5,"JS/CoinHive.G!tr","Trojan.JS.CoinHive","JS:CoinMiner-G [Trj]","JS:CoinMiner-G [Trj]","Trojan:HTML/Brocoiner.A!lib"
3fb26d73d6682e0047a3d1f962aa028c,"JS/CoinHive.G!tr","Trojan.JS.CoinHive","JS:CoinMiner-G [Trj]","JS:CoinMiner-G [Trj]","Trojan:HTML/Brocoiner.A!lib"
3ff2bcc6f110cef05fb48be81e4b4bb5,"JS/CoinHive.G!tr","Trojan.JS.CoinHive","JS:CoinMiner-G [Trj]","JS:CoinMiner-G [Trj]","Trojan:HTML/Brocoiner.A!lib"
4177959158004ff27a800108b713a7b8,"JS/CoinHive.G!tr","Trojan.JS.CoinHive","JS:CoinMiner-G [Trj]","JS:CoinMiner-G [Trj]","Trojan:HTML/Brocoiner.A!lib"
4b108e9ac44a9304f393c094909724ce,"JS/CoinHive.G!tr","Trojan.JS.CoinHive","JS:CoinMiner-G [Trj]","JS:CoinMiner-G [Trj]","Trojan:HTML/Brocoiner.A!lib"
4b3039c809097421a9583fffddf623ba,"JS/CoinHive.G!tr","Trojan.JS.CoinHive","JS:CoinMiner-G [Trj]","JS:CoinMiner-G [Trj]","Trojan:HTML/Brocoiner.A!lib"
4c9fdadd10e56e6585688f0ce6ae0675,"JS/CoinHive.G!tr","Trojan.JS.CoinHive","JS:CoinMiner-G [Trj]","JS:CoinMiner-G [Trj]","Trojan:HTML/Brocoiner.A!lib"
5035d341cf96cf5b7148309716f2c0f5,"JS/CoinHive.G!tr","Trojan.JS.CoinHive","JS:CoinMiner-G [Trj]","JS:CoinMiner-G [Trj]","Trojan:HTML/Brocoiner.A!lib"
52b9e87eee3b9823d23eccc403b066b4,"JS/CoinHive.G!tr","Trojan.JS.CoinHive","JS:CoinMiner-G [Trj]","JS:CoinMiner-G [Trj]","Trojan:HTML/Brocoiner.A!lib"
560b226edc9d6143d9e3c11f88006135,"JS/CoinHive.G!tr","Trojan.JS.CoinHive","JS:CoinMiner-G [Trj]","JS:CoinMiner-G [Trj]","Trojan:HTML/Brocoiner.A!lib"
552519a0071b1fa77f4eb589bda3e2e7,"JS/CoinHive.G!tr","Trojan.JS.CoinHive","JS:CoinMiner-G [Trj]","JS:CoinMiner-G [Trj]","Trojan:HTML/Brocoiner.A!lib"
5d9ad66016d0ea8be04e10f2e2c991ab,"JS/CoinHive.G!tr","Trojan.JS.CoinHive","JS:CoinMiner-G [Trj]","JS:CoinMiner-G [Trj]","Trojan:HTML/Brocoiner.A!lib"
6284ad0b33618f3fe1353424a4c4f0c1,"JS/CoinHive.G!tr","Trojan.JS.CoinHive","JS:CoinMiner-G [Trj]","JS:CoinMiner-G [Trj]","Trojan:HTML/Brocoiner.A!lib"
651fc6ca59f92fccca8d8d606bb263a5,"JS/CoinHive.G!tr","Trojan.JS.CoinHive","JS:CoinMiner-G [Trj]","JS:CoinMiner-G [Trj]","Trojan:HTML/Brocoiner.A!lib"
69371a7df9c09537fb25765aca10126a,"JS/CoinHive.G!tr","Trojan.JS.CoinHive","JS:CoinMiner-G [Trj]","JS:CoinMiner-G [Trj]","Trojan:HTML/Brocoiner.A!lib"
f2e9f07bb2cc6aa95b2ce98f657ab5c7,"JS/CoinHive.G!tr","Trojan.JS.CoinHive","JS:CoinMiner-G [Trj]","JS:CoinMiner-G [Trj]","Trojan:HTML/Brocoiner.A!lib"
08aa3e81f4f0d31f019898540d887503,"JS/CoinHive.G!tr","Trojan.JS.CoinHive","JS:CoinMiner-G [Trj]","JS:CoinMiner-G [Trj]","Trojan:HTML/Brocoiner.A!lib"
12a7877cd2672b8771052fec16c0757b,"JS/CoinHive.G!tr","Trojan.JS.CoinHive","JS:CoinMiner-G [Trj]","JS:CoinMiner-G [Trj]","Trojan:HTML/Brocoiner.A!lib"
1307ec7fe9dff33da0e30bfeb32f4f8d,"JS/CoinHive.G!tr","Trojan.JS.CoinHive","JS:CoinMiner-G [Trj]","JS:CoinMiner-G [Trj]","Trojan:HTML/Brocoiner.A!lib"
1bc9933b430d612a5246f0aa7cef7999,"JS/CoinHive.G!tr","Trojan.JS.CoinHive","JS:CoinMiner-G [Trj]","JS:CoinMiner-G [Trj]","Trojan:HTML/Brocoiner.A!lib"
2891f2744e1b31e74e2fa8f6f4ee2b6f,"JS/CoinHive.G!tr","Trojan.JS.CoinHive","JS:CoinMiner-G [Trj]","JS:CoinMiner-G [Trj]","Trojan:HTML/Brocoiner.A!lib"
2a53d873ce31be3b5c1d37e63c9099da,"JS/CoinHive.G!tr","Trojan.JS.CoinHive","JS:CoinMiner-G [Trj]","JS:CoinMiner-G [Trj]","Trojan:HTML/Brocoiner.A!lib"
2dc4bf40b6556ee8219200ea032bdaf4,"JS/CoinHive.G!tr","Trojan.JS.CoinHive","JS:CoinMiner-G [Trj]","JS:CoinMiner-G [Trj]","Trojan:HTML/Brocoiner.A!lib"
2f4ba3d2c4a6fc5c685f1664a596f467,"JS/CoinHive.G!tr","Trojan.JS.CoinHive","JS:CoinMiner-G [Trj]","JS:CoinMiner-G [Trj]","Trojan:HTML/Brocoiner.A!lib"
2eb8755f4d7cea8ccdc4e418827ac980,"JS/CoinHive.G!tr","Trojan.JS.CoinHive","JS:CoinMiner-G [Trj]","JS:CoinMiner-G [Trj]","Trojan:HTML/Brocoiner.A!lib"
352e1974c39d6d0d33120baa77bf207f,"JS/CoinHive.G!tr","Trojan.JS.CoinHive","JS:CoinMiner-G [Trj]","JS:CoinMiner-G [Trj]","Trojan:HTML/Brocoiner.A!lib"
35fe614bba85d35158a51a5103ef8301,"JS/CoinHive.G!tr","Trojan.JS.CoinHive","JS:CoinMiner-G [Trj]","JS:CoinMiner-G [Trj]","Trojan:HTML/Brocoiner.A!lib"
38a7238b775b4d22d24c77133dd912c2,"JS/CoinHive.G!tr","Trojan.JS.CoinHive","JS:CoinMiner-G [Trj]","JS:CoinMiner-G [Trj]","Trojan:HTML/Brocoiner.A!lib"
3c6f73ee6fe5aaae67d7c78d3230e933,"JS/CoinHive.G!tr","Trojan.JS.CoinHive","JS:CoinMiner-G [Trj]","JS:CoinMiner-G [Trj]","Trojan:HTML/Brocoiner.A!lib"
42f12b20fc9d232a2d95d5b20307529f,"JS/CoinHive.G!tr","Trojan.JS.CoinHive","JS:CoinMiner-G [Trj]","JS:CoinMiner-G [Trj]","Trojan:HTML/Brocoiner.A!lib"
4396b681b665dfe1340db067423e6369,"JS/CoinHive.G!tr","Trojan.JS.CoinHive","JS:CoinMiner-G [Trj]","JS:CoinMiner-G [Trj]","Trojan:HTML/Brocoiner.A!lib"
4f9477e535e05ced664b4eece94c3a56,"JS/CoinHive.G!tr","Trojan.JS.CoinHive","JS:CoinMiner-G [Trj]","JS:CoinMiner-G [Trj]","Trojan:HTML/Brocoiner.A!lib"
5143cf92e70b458f8eff626b7d15e31f,"JS/CoinHive.G!tr","Trojan.JS.CoinHive","JS:CoinMiner-G [Trj]","JS:CoinMiner-G [Trj]","Trojan:HTML/Brocoiner.A!lib"
5450adb3a5cb6b8c09a9728e878a10bf,"JS/CoinHive.G!tr","Trojan.JS.CoinHive","JS:CoinMiner-G [Trj]","JS:CoinMiner-G [Trj]","Trojan:HTML/Brocoiner.A!lib"
674bd1a1e7754530724104a4522fe1a2,"JS/CoinHive.G!tr","Trojan.JS.CoinHive","JS:CoinMiner-G [Trj]","JS:CoinMiner-G [Trj]","Trojan:HTML/Brocoiner.A!lib"
72591ee0e1cc535c04db8bb27a923c94,"JS/CoinHive.G!tr","Trojan.JS.CoinHive","JS:CoinMiner-G [Trj]","JS:CoinMiner-G [Trj]","Trojan:HTML/Brocoiner.A!lib"
6f5731f4dab1a6f2dd973174b18de5ec,"JS/CoinHive.G!tr","Trojan.JS.CoinHive","JS:CoinMiner-G [Trj]","JS:CoinMiner-G [Trj]","Trojan:HTML/Brocoiner.A!lib"
77e6a4bc6ea9537faf3ff85baceb2ded,"JS/CoinHive.G!tr","Trojan.JS.CoinHive","JS:CoinMiner-G [Trj]","JS:CoinMiner-G [Trj]","Trojan:HTML/Brocoiner.A!lib"
77f00646dc481ffd8d18f5b6bf62b914,"JS/CoinHive.G!tr","Trojan.JS.CoinHive","JS:CoinMiner-G [Trj]","JS:CoinMiner-G [Trj]","Trojan:HTML/Brocoiner.A!lib"
7b8c49ee45fd441928d138aef595fe74,"JS/CoinHive.G!tr","Trojan.JS.CoinHive","JS:CoinMiner-G [Trj]","JS:CoinMiner-G [Trj]","Trojan:HTML/Brocoiner.A!lib"
7f45935018840da644ea337362ef2ba6,"JS/CoinHive.G!tr","Trojan.JS.CoinHive","JS:CoinMiner-G [Trj]","JS:CoinMiner-G [Trj]","Trojan:HTML/Brocoiner.A!lib"
82afcaff1237a3dce1f37bd02854e9d3,"JS/CoinHive.G!tr","Trojan.JS.CoinHive","JS:CoinMiner-G [Trj]","JS:CoinMiner-G [Trj]","Trojan:HTML/Brocoiner.A!lib"
8bfbbb0e1b1369de034f9e4ab5c549cf,"JS/CoinHive.G!tr","Trojan.JS.CoinHive","JS:CoinMiner-G [Trj]","JS:CoinMiner-G [Trj]","Trojan:HTML/Brocoiner.A!lib"
90a8d85e545be5dd28735ee09cba4269,"JS/CoinHive.G!tr","Trojan.JS.CoinHive","JS:CoinMiner-G [Trj]","JS:CoinMiner-G [Trj]","Trojan:HTML/Brocoiner.A!lib"
8ebab4fa73197ccbb1bbde465bc00699,"JS/CoinHive.G!tr","Trojan.JS.CoinHive","JS:CoinMiner-G [Trj]","JS:CoinMiner-G [Trj]","Trojan:HTML/Brocoiner.A!lib"
937ad841ad96f7b37b520c7614364be1,"JS/CoinHive.G!tr","Trojan.JS.CoinHive","JS:CoinMiner-G [Trj]","JS:CoinMiner-G [Trj]","Trojan:HTML/Brocoiner.A!lib"
939c7118406f6c2c49ca62beb6999fc2,"JS/CoinHive.G!tr","Trojan.JS.CoinHive","JS:CoinMiner-G [Trj]","JS:CoinMiner-G [Trj]","Trojan:HTML/Brocoiner.A!lib"
968189668978d5c15d084a94dea66343,"JS/CoinHive.G!tr","Trojan.JS.CoinHive","JS:CoinMiner-G [Trj]","JS:CoinMiner-G [Trj]","Trojan:HTML/Brocoiner.A!lib"
95b493dc4d7f6762dc0487eb7d61aefb,"JS/CoinHive.G!tr","Trojan.JS.CoinHive","JS:CoinMiner-G [Trj]","JS:CoinMiner-G [Trj]","Trojan:HTML/Brocoiner.A!lib"
9c689367a212fba8f816a7527cf93478,"JS/CoinHive.G!tr","Trojan.JS.CoinHive","JS:CoinMiner-G [Trj]","JS:CoinMiner-G [Trj]","Trojan:HTML/Brocoiner.A!lib"
9d123170b20f09338de789092b157178,"JS/CoinHive.G!tr","Trojan.JS.CoinHive","JS:CoinMiner-G [Trj]","JS:CoinMiner-G [Trj]","Trojan:HTML/Brocoiner.A!lib"
a282049a874633dd28f5096b9d23ce65,"JS/CoinHive.G!tr","Trojan.JS.CoinHive","JS:CoinMiner-G [Trj]","JS:CoinMiner-G [Trj]","Trojan:HTML/Brocoiner.A!lib"
adac86a49dd10f94e9846d188ecfc688,"JS/CoinHive.G!tr","Trojan.JS.CoinHive","JS:CoinMiner-G [Trj]","JS:CoinMiner-G [Trj]","Trojan:HTML/Brocoiner.A!lib"
b394381a96c408ad5fc116a3dbc0db10,"JS/CoinHive.G!tr","Trojan.JS.CoinHive","JS:CoinMiner-G [Trj]","JS:CoinMiner-G [Trj]","Trojan:HTML/Brocoiner.A!lib"
b92775b9a241d85bbef9d364164afa98,"JS/CoinHive.G!tr","Trojan.JS.CoinHive","JS:CoinMiner-G [Trj]","JS:CoinMiner-G [Trj]","Trojan:HTML/Brocoiner.A!lib"
7a859a944d7e89551d81ad1060165a61,"JS/CoinHive.G!tr","Trojan.JS.CoinHive","JS:CoinMiner-G [Trj]","JS:CoinMiner-G [Trj]","Trojan:HTML/Brocoiner.A!lib"
7f659605f9756b2b38bcc21ace5c68e0,"JS/CoinHive.G!tr","Trojan.JS.CoinHive","JS:CoinMiner-G [Trj]","JS:CoinMiner-G [Trj]","Trojan:HTML/Brocoiner.A!lib"
815ff076150c17e66d1c9b502d28b65a,"JS/CoinHive.G!tr","Trojan.JS.CoinHive","JS:CoinMiner-G [Trj]","JS:CoinMiner-G [Trj]","Trojan:HTML/Brocoiner.A!lib"
88132267a1bdba7bc5cc062633f4d3f4,"JS/CoinHive.G!tr","Trojan.JS.CoinHive","JS:CoinMiner-G [Trj]","JS:CoinMiner-G [Trj]","Trojan:HTML/Brocoiner.A!lib"
9e9affb11285b94dad85e16045e9c504,"JS/CoinHive.G!tr","Trojan.JS.CoinHive","JS:CoinMiner-G [Trj]","JS:CoinMiner-G [Trj]","Trojan:HTML/Brocoiner.A!lib"
a3e07ccad36ac16a298e3a6a99cd90e5,"JS/CoinHive.G!tr","Trojan.JS.CoinHive","JS:CoinMiner-G [Trj]","JS:CoinMiner-G [Trj]","Trojan:HTML/Brocoiner.A!lib"
aabfb62c861fc619c59a7eeade9dc57d,"JS/CoinHive.G!tr","Trojan.JS.CoinHive","JS:CoinMiner-G [Trj]","JS:CoinMiner-G [Trj]","Trojan:HTML/Brocoiner.A!lib"
ad38065266478d16ce04bcd98294accb,"JS/CoinHive.G!tr","Trojan.JS.CoinHive","JS:CoinMiner-G [Trj]","JS:CoinMiner-G [Trj]","Trojan:HTML/Brocoiner.A!lib"
b468bea2b9fb026762f908b5513649b0,"JS/CoinHive.G!tr","Trojan.JS.CoinHive","JS:CoinMiner-G [Trj]","JS:CoinMiner-G [Trj]","Trojan:HTML/Brocoiner.A!lib"
b514631852e0ee9ffb8de69a1ef45114,"JS/CoinHive.G!tr","Trojan.JS.CoinHive","JS:CoinMiner-G [Trj]","JS:CoinMiner-G [Trj]","Trojan:HTML/Brocoiner.A!lib"
b73317691957d1ec831ab7642ab87c93,"JS/CoinHive.G!tr","Trojan.JS.CoinHive","JS:CoinMiner-G [Trj]","JS:CoinMiner-G [Trj]","Trojan:HTML/Brocoiner.A!lib"
b85f7f4588fb2a09487f895d1b233cb8,"JS/CoinHive.G!tr","Trojan.JS.CoinHive","JS:CoinMiner-G [Trj]","JS:CoinMiner-G [Trj]","Trojan:HTML/Brocoiner.A!lib"
bb513b7417506a517f69ac39516fe504,"JS/CoinHive.G!tr","Trojan.JS.CoinHive","JS:CoinMiner-G [Trj]","JS:CoinMiner-G [Trj]","Trojan:HTML/Brocoiner.A!lib"
bb5f2ec800bcb646ce303938148968c6,"JS/CoinHive.G!tr","Trojan.JS.CoinHive","JS:CoinMiner-G [Trj]","JS:CoinMiner-G [Trj]","Trojan:HTML/Brocoiner.A!lib"
bdb07f561918ceb748615b0705552e77,"JS/CoinHive.G!tr","Trojan.JS.CoinHive","JS:CoinMiner-G [Trj]","JS:CoinMiner-G [Trj]","Trojan:HTML/Brocoiner.A!lib"
bf06aa1be0dcfba01ee54ab8d7aa7255,"JS/CoinHive.G!tr","Trojan.JS.CoinHive","JS:CoinMiner-G [Trj]","JS:CoinMiner-G [Trj]","Trojan:HTML/Brocoiner.A!lib"
bf4a4d9abcaa731f4ec0cec5e6476c41,"JS/CoinHive.G!tr","Trojan.JS.CoinHive","JS:CoinMiner-G [Trj]","JS:CoinMiner-G [Trj]","Trojan:HTML/Brocoiner.A!lib"
c036207bdac231f61eb8702b13d7cfa7,"JS/CoinHive.G!tr","Trojan.JS.CoinHive","JS:CoinMiner-G [Trj]","JS:CoinMiner-G [Trj]","Trojan:HTML/Brocoiner.A!lib"
c3d6c800f4e30cd44c9ee5a930c80c15,"JS/CoinHive.G!tr","Trojan.JS.CoinHive","JS:CoinMiner-G [Trj]","JS:CoinMiner-G [Trj]","Trojan:HTML/Brocoiner.A!lib"
c4c3e734d0f4677a084b634aafbdc7c9,"JS/CoinHive.G!tr","Trojan.JS.CoinHive","JS:CoinMiner-G [Trj]","JS:CoinMiner-G [Trj]","Trojan:HTML/Brocoiner.A!lib"
d942d2b1e1678ac0e9039aa9e497c310,"JS/CoinHive.G!tr","Trojan.JS.CoinHive","JS:CoinMiner-G [Trj]","JS:CoinMiner-G [Trj]","Trojan:HTML/Brocoiner.A!lib"
e8d5fb377655f1723668e38c40092aae,"JS/CoinHive.G!tr","Trojan.JS.CoinHive","JS:CoinMiner-G [Trj]","JS:CoinMiner-G [Trj]","Trojan:HTML/Brocoiner.A!lib"
ed4cf4b75b5d306b9c21cfbd22af7e0c,"JS/CoinHive.G!tr","Trojan.JS.CoinHive","JS:CoinMiner-G [Trj]","JS:CoinMiner-G [Trj]","Trojan:HTML/Brocoiner.A!lib"
f27c4c046f190bfe5ca0d5269d2df8b3,"JS/CoinHive.G!tr","Trojan.JS.CoinHive","JS:CoinMiner-G [Trj]","JS:CoinMiner-G [Trj]","Trojan:HTML/Brocoiner.A!lib"
fa643540b93b408e1e79f6818a8cca87,"JS/CoinHive.G!tr","Trojan.JS.CoinHive","JS:CoinMiner-G [Trj]","JS:CoinMiner-G [Trj]","Trojan:HTML/Brocoiner.A!lib"
10e296314e6b39b8181f1f2454a524b7,"JS/CoinHive.G!tr","Trojan.JS.CoinHive","JS:CoinMiner-G [Trj]","JS:CoinMiner-G [Trj]","Trojan:HTML/Brocoiner.A!lib"
120e3e0f23d6bc928d6956a79247c142,"JS/CoinHive.G!tr","Trojan.JS.CoinHive","JS:CoinMiner-G [Trj]","JS:CoinMiner-G [Trj]","Trojan:HTML/Brocoiner.A!lib"
277b3b8d3710ffafbcad2eb6d8e04c0a,"JS/CoinHive.G!tr","Trojan.JS.CoinHive","JS:CoinMiner-G [Trj]","JS:CoinMiner-G [Trj]","Trojan:HTML/Brocoiner.A!lib"
3c740239c7aa1e9bd7983abe254ad305,"JS/CoinHive.G!tr","Trojan.JS.CoinHive","JS:CoinMiner-G [Trj]","JS:CoinMiner-G [Trj]","Trojan:HTML/Brocoiner.A!lib"
3d3b52b7954e22f5bb0337378516e0e5,"JS/CoinHive.G!tr","Trojan.JS.CoinHive","JS:CoinMiner-G [Trj]","JS:CoinMiner-G [Trj]","Trojan:HTML/Brocoiner.A!lib"
486741c6294a0b8d1fe89666ba69d094,"JS/CoinHive.G!tr","Trojan.JS.CoinHive","JS:CoinMiner-G [Trj]","JS:CoinMiner-G [Trj]","Trojan:HTML/Brocoiner.A!lib"
c98f30eb367f103078dda201e769a684,"JS/CoinHive.G!tr","Trojan.JS.CoinHive","JS:CoinMiner-G [Trj]","JS:CoinMiner-G [Trj]","Trojan:HTML/Brocoiner.A!lib"
ccf5002d0eeed5ac1078c99020b3031c,"JS/CoinHive.G!tr","Trojan.JS.CoinHive","JS:CoinMiner-G [Trj]","JS:CoinMiner-G [Trj]","Trojan:HTML/Brocoiner.A!lib"
d1c73fed09e7b40e6a64b958038bb15e,"JS/CoinHive.G!tr","Trojan.JS.CoinHive","JS:CoinMiner-G [Trj]","JS:CoinMiner-G [Trj]","Trojan:HTML/Brocoiner.A!lib"
d58468547b0a00c0186a9849d4bb388b,"JS/CoinHive.G!tr","Trojan.JS.CoinHive","JS:CoinMiner-G [Trj]","JS:CoinMiner-G [Trj]","Trojan:HTML/Brocoiner.A!lib"
d8328b236c8f1cdb6eaabd74d232ec44,"JS/CoinHive.G!tr","Trojan.JS.CoinHive","JS:CoinMiner-G [Trj]","JS:CoinMiner-G [Trj]","Trojan:HTML/Brocoiner.A!lib"
e1a92e767b60c8fc933d755be31de4a5,"JS/CoinHive.G!tr","Trojan.JS.CoinHive","JS:CoinMiner-G [Trj]","JS:CoinMiner-G [Trj]","Trojan:HTML/Brocoiner.A!lib"
e39efa6874b7d5500370d6b2b3331745,"JS/CoinHive.G!tr","Trojan.JS.CoinHive","JS:CoinMiner-G [Trj]","JS:CoinMiner-G [Trj]","Trojan:HTML/Brocoiner.A!lib"
ec22456d8d81ae9a24d84366324e2471,"JS/CoinHive.G!tr","Trojan.JS.CoinHive","JS:CoinMiner-G [Trj]","JS:CoinMiner-G [Trj]","Trojan:HTML/Brocoiner.A!lib"
f711cd857884d351c9cec125497c2bb3,"JS/CoinHive.G!tr","Trojan.JS.CoinHive","JS:CoinMiner-G [Trj]","JS:CoinMiner-G [Trj]","Trojan:HTML/Brocoiner.A!lib"
1516111119a6114cd8df3be632110db7,"JS/CoinHive.G!tr","Trojan.JS.CoinHive","JS:CoinMiner-G [Trj]","JS:CoinMiner-G [Trj]","Trojan:HTML/Brocoiner.A!lib"
1e8d0a07ac66cf8c1728f6256f244324,"JS/CoinHive.G!tr","Trojan.JS.CoinHive","JS:CoinMiner-G [Trj]","JS:CoinMiner-G [Trj]","Trojan:HTML/Brocoiner.A!lib"
2036d1e7b1adffa5dce6778f352810d2,"JS/CoinHive.G!tr","Trojan.JS.CoinHive","JS:CoinMiner-G [Trj]","JS:CoinMiner-G [Trj]","Trojan:HTML/Brocoiner.A!lib"
2eb458d9e0948440ee027f6e2413cb0e,"JS/CoinHive.G!tr","Trojan.JS.CoinHive","JS:CoinMiner-G [Trj]","JS:CoinMiner-G [Trj]","Trojan:HTML/Brocoiner.A!lib"
37e79c152a84444ac58b752f1f5b392d,"JS/CoinHive.G!tr","Trojan.JS.CoinHive","JS:CoinMiner-G [Trj]","JS:CoinMiner-G [Trj]","Trojan:HTML/Brocoiner.A!lib"
56d479ea08cf9d4bf83869729a956287,"JS/CoinHive.G!tr","Trojan.JS.CoinHive","JS:CoinMiner-G [Trj]","JS:CoinMiner-G [Trj]","Trojan:HTML/Brocoiner.A!lib"
6e7d4e059fbe9ba482bb736b604db74d,"JS/CoinHive.G!tr","Trojan.JS.CoinHive","JS:CoinMiner-G [Trj]","JS:CoinMiner-G [Trj]","Trojan:HTML/Brocoiner.A!lib"
87239c29ca4cf3df337a58c3d1ed2341,"JS/CoinHive.G!tr","Trojan.JS.CoinHive","JS:CoinMiner-G [Trj]","JS:CoinMiner-G [Trj]","Trojan:HTML/Brocoiner.A!lib"
9b8cd484f3f32bc1203407d20ccfb52e,"JS/CoinHive.G!tr","Trojan.JS.CoinHive","JS:CoinMiner-G [Trj]","JS:CoinMiner-G [Trj]","Trojan:HTML/Brocoiner.A!lib"
b1dd5d14d72d7b8050897e7a107a1149,"JS/CoinHive.G!tr","Trojan.JS.CoinHive","JS:CoinMiner-G [Trj]","JS:CoinMiner-G [Trj]","Trojan:HTML/Brocoiner.A!lib"
b458c1c983afd052526e8eb7a6ad0783,"JS/CoinHive.G!tr","Trojan.JS.CoinHive","JS:CoinMiner-G [Trj]","JS:CoinMiner-G [Trj]","Trojan:HTML/Brocoiner.A!lib"
dc42293fbfabff1ebf67b603c0f4d0fe,"JS/CoinHive.G!tr","Trojan.JS.CoinHive","JS:CoinMiner-G [Trj]","JS:CoinMiner-G [Trj]","Trojan:HTML/Brocoiner.A!lib"
e039f86dc4f77b5b7eeeb39117b3de5a,"JS/CoinHive.G!tr","Trojan.JS.CoinHive","JS:CoinMiner-G [Trj]","JS:CoinMiner-G [Trj]","Trojan:HTML/Brocoiner.A!lib"
c3f93b1c3baa53f4e1a0df8a8efa2578,"JS/CoinHive.G!tr","Trojan.JS.CoinHive","JS:CoinMiner-G [Trj]","JS:CoinMiner-G [Trj]","Trojan:HTML/Brocoiner.A!lib"
c6097bdb995ca157b6755d8775c6cac9,"JS/CoinHive.G!tr","Trojan.JS.CoinHive","JS:CoinMiner-G [Trj]","JS:CoinMiner-G [Trj]","Trojan:HTML/Brocoiner.A!lib"
d7c3faefa88319e71e0f7ec3fffb5abf,"JS/CoinHive.G!tr","Trojan.JS.CoinHive","JS:CoinMiner-G [Trj]","JS:CoinMiner-G [Trj]","Trojan:HTML/Brocoiner.A!lib"
e27af0966d2a193a9d2c0dbdf6f1d007,"JS/CoinHive.G!tr","Trojan.JS.CoinHive","JS:CoinMiner-G [Trj]","JS:CoinMiner-G [Trj]","Trojan:HTML/Brocoiner.A!lib"
ec758b455ca6ba0d1d0fd9179a359033,"JS/CoinHive.G!tr","Trojan.JS.CoinHive","JS:CoinMiner-G [Trj]","JS:CoinMiner-G [Trj]","Trojan:HTML/Brocoiner.A!lib"
ef3961871b952b46f6afdb7cc620d3a9,"JS/CoinHive.G!tr","Trojan.JS.CoinHive","JS:CoinMiner-G [Trj]","JS:CoinMiner-G [Trj]","Trojan:HTML/Brocoiner.A!lib"
f7756a85dbdd299fa5eed234f7916a3c,"JS/CoinHive.G!tr","Trojan.JS.CoinHive","JS:CoinMiner-G [Trj]","JS:CoinMiner-G [Trj]","Trojan:HTML/Brocoiner.A!lib"
fc0ffcc7180b3b188c748a3058610387,"JS/CoinHive.G!tr","Trojan.JS.CoinHive","JS:CoinMiner-G [Trj]","JS:CoinMiner-G [Trj]","Trojan:HTML/Brocoiner.A!lib"
